"Eldon Base for stackable storage shelf, platinum",Muhammed MacIntyre
"1.7 Cubic Foot Compact ""Cube"" Office Refrigerators",Barry French
"Cardinal Slant-D® Ring Binder, Heavy Gauge Vinyl",Barry French
R380,Clay Rozendal
Holmes HEPA Air Purifier,Carlos Soltero
G.E. Longer-Life Indoor Recessed Floodlight Bulbs,Carlos Soltero
"Angle-D Binders with Locking Rings, Label Holders",Carl Jackson
"SAFCO Mobile Desk Side File, Wire Frame",Carl Jackson
"SAFCO Commercial Wire Shelving, Black",Monica Federle
Xerox 198,Dorothy Badders
